{
  "name": "box_B.gltf",
  "resolution": 0.1,
  "size": 20,
  "heights": [
    {
      "x": 9,
      "y": 9,
      "height": {
        "min": -1.6993885409988255e-8,
        "max": 0.1692722706496716
      }
    },
    {
      "x": 9,
      "y": 10,
      "height": {
        "min": -1.6993885409988255e-8,
        "max": 0.16927227064967157
      }
    },
    {
      "x": 10,
      "y": 9,
      "height": {
        "min": -1.6993885409988255e-8,
        "max": 0.13363519310951233
      }
    },
    {
      "x": 10,
      "y": 10,
      "height": {
        "min": -1.6993885409988255e-8,
        "max": 0.13363519310951233
      }
    }
  ]
}