{
  "name": "bush.gltf",
  "resolution": 0.1,
  "size": 20,
  "heights": [
    {
      "x": 9,
      "y": 9,
      "height": {
        "min": 0,
        "max": 0.3759925037622452
      }
    },
    {
      "x": 9,
      "y": 10,
      "height": {
        "min": 0,
        "max": 0.38052958250045776
      }
    },
    {
      "x": 10,
      "y": 9,
      "height": {
        "min": 0,
        "max": 0.3727257760763168
      }
    },
    {
      "x": 10,
      "y": 10,
      "height": {
        "min": 0,
        "max": 0.3750850415229798
      }
    }
  ]
}