{
  "name": "firehydrant.gltf",
  "resolution": 0.1,
  "size": 20,
  "heights": [
    {
      "x": 9,
      "y": 9,
      "height": {
        "min": 6.705522537231444e-8,
        "max": 0.2244491791725159
      }
    },
    {
      "x": 9,
      "y": 10,
      "height": {
        "min": 6.705522537231444e-8,
        "max": 0.2244491791725159
      }
    },
    {
      "x": 10,
      "y": 9,
      "height": {
        "min": 6.705522537231444e-8,
        "max": 0.2244491791725159
      }
    },
    {
      "x": 10,
      "y": 10,
      "height": {
        "min": 6.705522537231444e-8,
        "max": 0.2244491791725159
      }
    }
  ]
}