{
  "name": "streetlight_old_single.gltf",
  "resolution": 0.1,
  "size": 20,
  "heights": [
    {
      "x": 9,
      "y": 9,
      "height": {
        "min": 1.043081283569336e-7,
        "max": 0.6996000474691392
      }
    },
    {
      "x": 9,
      "y": 10,
      "height": {
        "min": 1.0430812835693358e-7,
        "max": 0.6996000474691392
      }
    },
    {
      "x": 10,
      "y": 9,
      "height": {
        "min": 1.0430812835693358e-7,
        "max": 0.6996000474691392
      }
    },
    {
      "x": 10,
      "y": 10,
      "height": {
        "min": 1.0430812835693358e-7,
        "max": 0.6996000474691392
      }
    }
  ]
}