{
  "name": "trash_B.gltf",
  "resolution": 0.1,
  "size": 20,
  "heights": [
    {
      "x": 9,
      "y": 9,
      "height": {
        "min": 0,
        "max": 0.03791417143419386
      }
    },
    {
      "x": 9,
      "y": 10,
      "height": {
        "min": 0,
        "max": 0.038675533421337616
      }
    },
    {
      "x": 10,
      "y": 9,
      "height": {
        "min": 0,
        "max": 0.03903049272615463
      }
    },
    {
      "x": 10,
      "y": 10,
      "height": {
        "min": 0,
        "max": 0.04021883474662901
      }
    }
  ]
}