{
  "name": "trash_A.gltf",
  "resolution": 0.1,
  "size": 20,
  "heights": [
    {
      "x": 9,
      "y": 9,
      "height": {
        "min": 0,
        "max": 0.04916595901548863
      }
    },
    {
      "x": 9,
      "y": 10,
      "height": {
        "min": 0,
        "max": 0.04916595901548863
      }
    },
    {
      "x": 10,
      "y": 9,
      "height": {
        "min": 0,
        "max": 0.052154577150940906
      }
    },
    {
      "x": 10,
      "y": 10,
      "height": {
        "min": 0,
        "max": 0.052154577150940906
      }
    }
  ]
}